{
  "eslint.config.js": 1775815140.1041746,
  "localnest-docs/sidebars.ts": 1775726608.6901255,
  "localnest-docs/docusaurus.config.ts": 1775729672.0418696,
  "localnest-docs/src/pages/index.tsx": 1775819983.8113482,
  "test/search-service.test.js": 1773048705.595761,
  "test/kg-bi-temporal.test.js": 1776072315.6025026,
  "test/mcp-tools.test.js": 1775819081.5973964,
  "test/sqlite-vec-index-service.test.js": 1773231118.3414547,
  "test/vector-index-service.test.js": 1775815398.1013324,
  "test/mcp-annotations.test.js": 1776067077.0709953,
  "test/sqlite-vec-extension.test.js": 1773058418.2885458,
  "test/model-services.test.js": 1773639328.6982653,
  "test/bin-shared.test.js": 1775715313.9580472,
  "test/release-exit-criteria.test.js": 1773140784.040777,
  "test/memory-nest-branch-wiring.test.js": 1775739385.989971,
  "test/client-installer.test.js": 1773141955.0759346,
  "test/memory-store-batch.test.js": 1775740685.972983,
  "test/staleness-monitor.test.js": 1773049059.242465,
  "test/workspace-service.test.js": 1773048705.5985863,
  "test/terse-response.test.js": 1776066926.9192035,
  "test/upgrade-assistant.test.js": 1773141945.2752361,
  "test/runtime-warning-filter.test.js": 1773047811.8888125,
  "test/memory-workflow-service.test.js": 1773048705.595761,
  "test/update-service.test.js": 1775735537.2592173,
  "test/create-services-import.test.js": 1773140187.3484073,
  "test/mcp-resource-links.test.js": 1776070659.8096986,
  "test/install-localnest-skill.test.js": 1775645340.8524842,
  "test/mcp-runtime-start.test.js": 1775715352.5092695,
  "test/status-builder.test.js": 1773140784.040777,
  "test/release-test-installed-runtime.test.js": 1773231118.3414547,
  "test/memory-service.test.js": 1773048705.5947611,
  "test/config.test.js": 1773058396.5321083,
  "test/search-service-coverage.test.js": 1773048705.595761,
  "test/config-migrator.test.js": 1773139464.7683861,
  "test/cli-help.test.js": 1775715338.4525523,
  "test/kg-batch.test.js": 1775740712.9849348,
  "test/memory-store.test.js": 1773048705.5947611,
  "src/app/create-services.ts": 1775805375.098739,
  "src/app/mcp-server.ts": 1775714606.8211427,
  "src/app/index.ts": 1775714464.2451403,
  "src/app/register-tools.ts": 1776074609.6777096,
  "src/migrations/config-migrator.ts": 1775714594.6804683,
  "src/runtime/home-layout.ts": 1775713829.1209872,
  "src/runtime/config.ts": 1775735464.1829152,
  "src/runtime/warning-filter.ts": 1775713782.2357738,
  "src/runtime/sqlite-vec-extension.ts": 1775713848.7688708,
  "src/runtime/version.ts": 1775812026.9575222,
  "src/runtime/index.ts": 1775713765.9827824,
  "src/types/tree-sitter.d.ts": 1775805171.5911179,
  "src/setup/client-installer.ts": 1775714522.7844508,
  "src/mcp/index.ts": 1775713767.3386974,
  "src/mcp/tools/find-tools.ts": 1776066202.375444,
  "src/mcp/tools/audit-tools.ts": 1776066221.9221697,
  "src/mcp/tools/symbol-tools.ts": 1776066271.3114474,
  "src/mcp/tools/memory-store.ts": 1776066459.3253639,
  "src/mcp/tools/core.ts": 1776065964.5031166,
  "src/mcp/tools/index.ts": 1776074588.9314396,
  "src/mcp/tools/graph-tools.ts": 1776072244.9907925,
  "src/mcp/tools/memory-workflow.ts": 1776066585.0480685,
  "src/mcp/tools/retrieval.ts": 1776070573.127501,
  "src/mcp/tools/kg-delete-tools.ts": 1776066163.0919728,
  "src/mcp/tools/backfill-tools.ts": 1776066183.6130326,
  "src/mcp/common/status.ts": 1775812666.4239743,
  "src/mcp/common/tool-utils.ts": 1776070186.598945,
  "src/mcp/common/schemas.ts": 1776065363.5987964,
  "src/mcp/common/health-monitor.ts": 1775713952.4024324,
  "src/mcp/common/index.ts": 1776070239.8839715,
  "src/mcp/common/response-normalizers.ts": 1775818961.2710996,
  "src/mcp/common/terse-utils.ts": 1775801324.233732,
  "src/mcp/common/staleness-monitor.ts": 1775713925.5557733,
  "src/mcp/common/mime.ts": 1776070111.0368311,
  "src/services/memory/workflow.ts": 1775804490.3757656,
  "src/services/memory/adapter.ts": 1775713828.6270156,
  "src/services/memory/service.ts": 1776074554.3627028,
  "src/services/memory/hooks.ts": 1775804405.7944279,
  "src/services/memory/utils.ts": 1775803386.2234719,
  "src/services/memory/schema.ts": 1776071725.1755779,
  "src/services/memory/index.ts": 1776073539.1950617,
  "src/services/memory/types.ts": 1776072177.518966,
  "src/services/memory/proactive-hints.ts": 1775803665.783503,
  "src/services/memory/store.ts": 1776073555.8009012,
  "src/services/memory/knowledge-graph/auto-link.ts": 1775815760.3688428,
  "src/services/memory/knowledge-graph/kg-batch.ts": 1776071768.0332742,
  "src/services/memory/knowledge-graph/kg-search.ts": 1775805108.0105107,
  "src/services/memory/knowledge-graph/kg.ts": 1776072164.9081783,
  "src/services/memory/knowledge-graph/relations.ts": 1775724705.7331421,
  "src/services/memory/knowledge-graph/graph.ts": 1775819328.190554,
  "src/services/memory/taxonomy/taxonomy.ts": 1775802363.1262195,
  "src/services/memory/taxonomy/scopes.ts": 1775724755.8356667,
  "src/services/memory/events/list.ts": 1775724731.6233795,
  "src/services/memory/events/heuristics.ts": 1775724728.5734694,
  "src/services/memory/events/capture.ts": 1775739283.804805,
  "src/services/memory/store/entries.ts": 1775819005.2453537,
  "src/services/memory/store/dedup.ts": 1775724678.1541052,
  "src/services/memory/store/entries-batch.ts": 1775818900.3954332,
  "src/services/memory/store/recall.ts": 1775819361.4759657,
  "src/services/memory/temporal/whats-new.ts": 1775803676.625367,
  "src/services/memory/workflow/teach.ts": 1775804412.8930237,
  "src/services/memory/workflow/agent-prime.ts": 1775803451.8578823,
  "src/services/memory/ingest/entity-extractor.ts": 1775815703.7963188,
  "src/services/memory/ingest/ingest.ts": 1775815742.4363105,
  "src/services/memory/audit/dashboard.ts": 1775805278.06221,
  "src/services/memory/backfill/project-scan.ts": 1775804461.7163088,
  "src/services/unified-find/find.ts": 1775805036.9022477,
  "src/services/update/service.ts": 1775735587.998041,
  "src/services/update/upgrade-assistant.ts": 1775714381.6856554,
  "src/services/update/index.ts": 1775714433.829048,
  "src/services/update/helpers.ts": 1775714361.3453014,
  "src/services/retrieval/index.ts": 1775805297.6885016,
  "src/services/retrieval/embedding/service.ts": 1775713917.210199,
  "src/services/retrieval/sqlite-vec/indexer.ts": 1775714147.6538656,
  "src/services/retrieval/sqlite-vec/semantic-search.ts": 1775714877.7924263,
  "src/services/retrieval/sqlite-vec/service.ts": 1776073571.244841,
  "src/services/retrieval/sqlite-vec/runtime.ts": 1775714170.633974,
  "src/services/retrieval/sqlite-vec/schema.ts": 1775714127.6286604,
  "src/services/retrieval/sqlite-vec/bm25.ts": 1775714111.0243323,
  "src/services/retrieval/sqlite-vec/helpers.ts": 1775714085.6273842,
  "src/services/retrieval/reranker/service.ts": 1775713931.8684537,
  "src/services/retrieval/chunker/service.ts": 1775713893.9304118,
  "src/services/retrieval/chunker/ast-utils.ts": 1775713855.4894958,
  "src/services/retrieval/chunker/languages.ts": 1775805168.6072292,
  "src/services/retrieval/symbols/schema.ts": 1775805049.0487752,
  "src/services/retrieval/symbols/extractor.ts": 1775805099.0238528,
  "src/services/retrieval/symbols/index.ts": 1776073589.7145963,
  "src/services/retrieval/symbols/queries.ts": 1775805115.2752347,
  "src/services/retrieval/symbols/types.ts": 1775805044.109967,
  "src/services/retrieval/search/service.ts": 1775805430.7077827,
  "src/services/retrieval/search/query-utils.ts": 1775713950.5185251,
  "src/services/retrieval/search/lexical-search.ts": 1775714044.930133,
  "src/services/retrieval/search/hybrid-ranking.ts": 1775713995.1253881,
  "src/services/retrieval/search/auto-index.ts": 1775713962.265951,
  "src/services/retrieval/vector-index/service.ts": 1775714336.8030958,
  "src/services/retrieval/vector-index/helpers.ts": 1775714307.090081,
  "src/services/retrieval/core/relevance.ts": 1775713791.021238,
  "src/services/retrieval/core/symbol-search.ts": 1775713819.0818973,